Imported Module,Dependent File
os,ai_nodes\gemini_handler.py
os,ai_nodes\gpt_handler.py
os,ai_nodes\hf_image_handler.py
os,ai_nodes\hf_text_handler.py
os,ai_nodes\image_handler.py
os,ai_nodes\mixtral_handler.py
os,ai_nodes\voice_handler.py
os,ai_nodes\zephyr_handler.py
os,core\dir_setup.py
os,core\env_utils.py
os,core\evaluator.py
os,core\utils\logger.py
os,core\utils\path_utils.py
os,core\vector_memory.py
os,dispatcher.py
os,env_utils.py
os,init_generator.py
os,launch.py
os,logger.py
os,memory\cache\cache_hasher.py
os,memory\cache\cache_loader.py
os,memory\cache\cache_manager.py
os,memory\cache\cache_saver.py
os,memory\cache\semantic_recommender.py
os,memory\cache\semantic_search.py
os,memory\context\context_stacker.py
os,memory\context\semantic_context_builder.py
os,memory\summary\summary_builder.py
os,memory\summary\summary_loader.py
os,memory\summary\summary_saver.py
os,memory_console.py
os,route_ai.py
os,scripts\check_vector_count.py
os,scripts\checks\aimo_checker.py
os,scripts\checks\check_aimo_setup.py
os,scripts\checks\check_aimo_structure.py
os,scripts\checks\check_env_keys.py
os,scripts\env_autogen.py
os,scripts\log_importer.py
os,scripts\setup\env_autogen.py
os,scripts\setup\restore_backup.py
os,scripts\test_cache_manager.py
os,scripts\test_context_stacker.py
os,scripts\test_hasher.py
os,scripts\test_loader.py
os,scripts\test_recommender.py
os,scripts\test_saver.py
os,scripts\test_saver_vec.py
os,scripts\test_saver_vec2.py
os,scripts\test_semantic.py
os,scripts\test_vector_search.py
os,scripts\test_vector_search_debug.py
os,tests\test_dispatcher.py
os,tests\test_root.py
os,tools\clean\clean_workspace.py
os,tools\dependency_inspector.py
os,tools\dependency_tools\check_dependency_integrity.py
os,tools\dependency_tools\extract_dependencies.py
os,tools\dependency_tools\generate_all_dependency_graphs.py
os,tools\dependency_tools\visualize_dependencies.py
os,vector_index\build_index.py
os,vector_index\search_index.py
os,vector_index\search_index_debug.py
datetime,ai_nodes\image_handler.py
datetime,core\evaluator.py
datetime,core\utils\logger.py
datetime,dispatcher.py
datetime,launch.py
datetime,logger.py
datetime,memory\annotated\annotated_log.py
datetime,memory\annotated\annotator.py
datetime,memory\cache\cache_saver.py
datetime,memory\eval\eval_logger.py
datetime,memory\history\history_saver.py
datetime,memory\logs.py
datetime,memory\summary\summary_saver.py
datetime,memory\test\test_dataset.py
datetime,route_ai.py
datetime,scripts\auto_improve.py
datetime,scripts\env_autogen.py
datetime,scripts\gen_env_file.py
datetime,scripts\log_importer.py
datetime,scripts\setup\env_autogen.py
datetime,scripts\setup\restore_backup.py
datetime,tools\clean\clean_workspace.py
pathlib,ai_nodes\gpt_handler.py
pathlib,ai_nodes\hf_image_handler.py
pathlib,ai_nodes\hf_text_handler.py
pathlib,ai_nodes\image_handler.py
pathlib,ai_nodes\voice_handler.py
pathlib,core\bootstrap.py
pathlib,core\dir_setup.py
pathlib,core\env_utils.py
pathlib,core\evaluator.py
pathlib,core\file_utils.py
pathlib,core\find_aimo_root.py
pathlib,core\input\cli_parser.py
pathlib,core\vector_memory.py
pathlib,dispatcher.py
pathlib,env_utils.py
pathlib,init_generator.py
pathlib,launch.py
pathlib,memory\annotated\annotated_log.py
pathlib,memory\annotated\annotator.py
pathlib,memory\cache\cache_checker.py
pathlib,memory\eval\eval_logger.py
pathlib,memory\history\history_saver.py
pathlib,memory\logs.py
pathlib,memory\logs\cache_checker.py
pathlib,memory\logs\log_importer.py
pathlib,memory\logs\markdown_exporter.py
pathlib,memory\logs\memory_handler.py
pathlib,memory\logs\summary_builder.py
pathlib,memory\summary\summary_loader.py
pathlib,memory\summary\summary_saver.py
pathlib,memory\test\test_dataset.py
pathlib,memory_handler.py
pathlib,scripts\auto_improve.py
pathlib,scripts\checks\aimo_checker.py
pathlib,scripts\checks\check_aimo_setup.py
pathlib,scripts\checks\check_aimo_structure.py
pathlib,scripts\checks\check_env_keys.py
pathlib,scripts\checks\check_logs_consistency.py
pathlib,scripts\conversation_filter.py
pathlib,scripts\diagnose_env.py
pathlib,scripts\env_autogen.py
pathlib,scripts\gen_env_file.py
pathlib,scripts\log_importer.py
pathlib,scripts\markdown_exporter.py
pathlib,scripts\setup\env_autogen.py
pathlib,scripts\setup\restore_backup.py
pathlib,scripts\verify_aimo_root.py
pathlib,scripts\verify_dirs.py
pathlib,scripts\verify_root.py
pathlib,tests\test_root.py
pathlib,tools\clean\clean_workspace.py
pathlib,tools\dependency_tools\check_dependency_integrity.py
pathlib,tools\dependency_tools\generate_all_dependency_graphs.py
pathlib,tools\dependency_tools\reverse_dependencies.py
pathlib,tools\dependency_tools\visualize_dependencies.py
core.find_aimo_root,ai_nodes\gemini_handler.py
core.find_aimo_root,ai_nodes\hf_image_handler.py
core.find_aimo_root,ai_nodes\hf_text_handler.py
core.find_aimo_root,ai_nodes\image_handler.py
core.find_aimo_root,ai_nodes\mixtral_handler.py
core.find_aimo_root,ai_nodes\voice_handler.py
core.find_aimo_root,ai_nodes\zephyr_handler.py
core.find_aimo_root,core\dir_setup.py
core.find_aimo_root,core\env_utils.py
core.find_aimo_root,core\evaluator.py
core.find_aimo_root,core\file_utils.py
core.find_aimo_root,core\input\cli_parser.py
core.find_aimo_root,core\utils\logger.py
core.find_aimo_root,core\vector_memory.py
core.find_aimo_root,dispatcher.py
core.find_aimo_root,env_utils.py
core.find_aimo_root,init_generator.py
core.find_aimo_root,launch.py
core.find_aimo_root,memory\annotated\annotated_log.py
core.find_aimo_root,memory\annotated\annotator.py
core.find_aimo_root,memory\cache\cache_checker.py
core.find_aimo_root,memory\eval\eval_logger.py
core.find_aimo_root,memory\history\history_saver.py
core.find_aimo_root,memory\logs\cache_checker.py
core.find_aimo_root,memory\logs\log_importer.py
core.find_aimo_root,memory\logs\markdown_exporter.py
core.find_aimo_root,memory\logs\memory_handler.py
core.find_aimo_root,memory\logs\summary_builder.py
core.find_aimo_root,memory\summary\summary_builder.py
core.find_aimo_root,memory\summary\summary_loader.py
core.find_aimo_root,memory\summary\summary_saver.py
core.find_aimo_root,memory\test\test_dataset.py
core.find_aimo_root,memory_console.py
core.find_aimo_root,memory_handler.py
core.find_aimo_root,route_ai.py
core.find_aimo_root,scripts\auto_improve.py
core.find_aimo_root,scripts\checks\check_env_keys.py
core.find_aimo_root,scripts\checks\check_logs_consistency.py
core.find_aimo_root,scripts\diagnose_env.py
core.find_aimo_root,scripts\env_autogen.py
core.find_aimo_root,scripts\gen_env_file.py
core.find_aimo_root,scripts\log_importer.py
core.find_aimo_root,scripts\setup\restore_backup.py
core.find_aimo_root,scripts\verify_aimo_root.py
core.find_aimo_root,scripts\verify_dirs.py
core.find_aimo_root,summary_loader_test.py
core.find_aimo_root,summary_saver_test.py
core.find_aimo_root,tests\test_root.py
core.logger,ai_nodes\cogvlm_handler.py
core.logger,ai_nodes\gemini_handler.py
core.logger,ai_nodes\gpt_handler.py
core.logger,ai_nodes\hf_image_handler.py
core.logger,ai_nodes\hf_text_handler.py
core.logger,ai_nodes\image_handler.py
core.logger,ai_nodes\mixtral_handler.py
core.logger,ai_nodes\summarizer_hub.py
core.logger,ai_nodes\voice_handler.py
core.logger,ai_nodes\zephyr_handler.py
core.logger,core\bootstrap.py
core.logger,core\dir_setup.py
core.logger,core\env_utils.py
core.logger,core\evaluator.py
core.logger,core\file_utils.py
core.logger,core\find_aimo_root.py
core.logger,core\input\cli_parser.py
core.logger,core\vector_memory.py
core.logger,dispatcher.py
core.logger,env_utils.py
core.logger,init_generator.py
core.logger,launch.py
core.logger,memory\annotated\annotated_log.py
core.logger,memory\annotated\annotator.py
core.logger,memory\cache\cache_checker.py
core.logger,memory\cache\cache_hasher.py
core.logger,memory\cache\cache_loader.py
core.logger,memory\cache\cache_manager.py
core.logger,memory\cache\cache_saver.py
core.logger,memory\cache\semantic_recommender.py
core.logger,memory\cache\semantic_search.py
core.logger,memory\context\context_stacker.py
core.logger,memory\context\semantic_context_builder.py
core.logger,memory\eval\eval_logger.py
core.logger,memory\history\history_saver.py
core.logger,memory\logs\cache_checker.py
core.logger,memory\logs\conversation_filter.py
core.logger,memory\logs\log_importer.py
core.logger,memory\logs\log_toolkit.py
core.logger,memory\logs\markdown_exporter.py
core.logger,memory\logs\memory_handler.py
core.logger,memory\logs\run_log_export.py
core.logger,memory\logs\summary_builder.py
core.logger,memory\summary\summary_builder.py
core.logger,memory\summary\summary_filter.py
core.logger,memory\summary\summary_loader.py
core.logger,memory\summary\summary_saver.py
core.logger,memory\summary\summary_toolkit.py
core.logger,memory\test\test_dataset.py
core.logger,memory\vector_memory.py
core.logger,memory_console.py
core.logger,memory_handler.py
core.logger,route_ai.py
core.logger,scripts\auto_improve.py
core.logger,scripts\checks\check_env_keys.py
core.logger,scripts\checks\check_logs_consistency.py
core.logger,scripts\env_autogen.py
core.logger,scripts\log_importer.py
core.logger,scripts\setup\restore_backup.py
core.logger,scripts\verify_dirs.py
core.logger,summary_loader_test.py
core.logger,summary_saver_test.py
core.logger,vector_index\build_index.py
core.logger,vector_index\search_index.py
core.logger,vector_index\search_index_debug.py
route_ai,dispatcher.py
route_ai,tests\test_route_ai.py
typing,ai_nodes\gpt_handler.py
typing,ai_nodes\hf_text_handler.py
typing,ai_nodes\mixtral_handler.py
typing,core\env_utils.py
typing,core\file_utils.py
typing,core\input\cli_parser.py
typing,core\vector_memory.py
typing,env_utils.py
typing,memory\cache\cache_hasher.py
typing,memory\logs\conversation_filter.py
typing,memory\summary\summary_filter.py
typing,memory\summary\summary_loader.py
typing,memory\vector_memory.py
typing,route_ai.py
dispatcher,launch.py
dispatcher,tests\test_dispatcher.py
argparse,memory\logs\run_log_export.py
argparse,memory_console.py
argparse,scripts\setup\restore_backup.py
argparse,tools\clean\clean_workspace.py
sys,core\bootstrap.py
sys,core\input\cli_parser.py
sys,memory\cache\cache_manager.py
sys,memory\cache\semantic_recommender.py
sys,memory\cache\semantic_search.py
sys,memory\context\context_stacker.py
sys,memory\context\semantic_context_builder.py
sys,memory\logs\cache_checker.py
sys,memory\logs\memory_handler.py
sys,memory\logs\summary_builder.py
sys,memory_console.py
sys,route_ai.py
sys,scripts\auto_improve.py
sys,scripts\checks\check_aimo_setup.py
sys,scripts\conversation_filter.py
sys,scripts\diagnose_env.py
sys,scripts\env_autogen.py
sys,scripts\gen_env_file.py
sys,scripts\log_importer.py
sys,scripts\markdown_exporter.py
sys,scripts\test_cache_manager.py
sys,scripts\test_context_stacker.py
sys,scripts\test_hasher.py
sys,scripts\test_loader.py
sys,scripts\test_recommender.py
sys,scripts\test_saver.py
sys,scripts\test_saver_vec.py
sys,scripts\test_saver_vec2.py
sys,scripts\test_semantic.py
sys,scripts\test_vector_search.py
sys,scripts\test_vector_search_debug.py
sys,scripts\verify_aimo_root.py
sys,scripts\verify_dirs.py
sys,scripts\verify_root.py
sys,summary_saver_test.py
sys,testenv\Scripts\gruut-script.py
sys,tests\test_root.py
sys,tools\clean\clean_workspace.py
sys,tools\dependency_tools\extract_dependencies.py
sys,vector_index\build_index.py
sys,vector_index\search_index.py
sys,vector_index\search_index_debug.py
memory.logs.log_importer,memory\logs\log_toolkit.py
memory.logs.log_importer,memory\logs\memory_handler.py
memory.logs.log_importer,memory\logs\run_log_export.py
memory.logs.log_importer,memory\logs\summary_builder.py
memory.logs.log_importer,memory_console.py
memory.logs.log_importer,memory_handler.py
memory.logs.conversation_filter,memory\logs\log_toolkit.py
memory.logs.conversation_filter,memory\logs\memory_handler.py
memory.logs.conversation_filter,memory\logs\run_log_export.py
memory.logs.conversation_filter,memory\logs\summary_builder.py
memory.logs.conversation_filter,memory_console.py
memory.logs.conversation_filter,memory_handler.py
memory.logs.markdown_exporter,memory\logs\log_toolkit.py
memory.logs.markdown_exporter,memory\logs\memory_handler.py
memory.logs.markdown_exporter,memory\logs\run_log_export.py
memory.logs.markdown_exporter,memory_console.py
memory.logs.markdown_exporter,memory_handler.py
memory.summary.summary_loader,memory\summary\summary_builder.py
memory.summary.summary_loader,memory\summary\summary_toolkit.py
memory.summary.summary_loader,memory_console.py
memory.summary.summary_loader,memory_handler.py
memory.summary.summary_loader,summary_loader_test.py
memory.summary.summary_saver,memory\summary\summary_builder.py
memory.summary.summary_saver,memory\summary\summary_toolkit.py
memory.summary.summary_saver,memory_handler.py
memory.summary.summary_saver,summary_saver_test.py
memory.cache.cache_checker,memory_handler.py
importlib,route_ai.py
importlib,scripts\checks\check_aimo_setup.py
time,ai_nodes\gpt_handler.py
time,ai_nodes\hf_text_handler.py
time,ai_nodes\mixtral_handler.py
time,ai_nodes\zephyr_handler.py
time,route_ai.py
ai_nodes.image_handler,route_ai.py
ai_nodes.voice_handler,route_ai.py
ai_nodes.cogvlm_handler,route_ai.py
requests,ai_nodes\gemini_handler.py
requests,ai_nodes\hf_image_handler.py
requests,ai_nodes\hf_text_handler.py
requests,ai_nodes\mixtral_handler.py
requests,ai_nodes\zephyr_handler.py
dotenv,ai_nodes\gemini_handler.py
dotenv,ai_nodes\hf_image_handler.py
dotenv,ai_nodes\image_handler.py
dotenv,ai_nodes\mixtral_handler.py
dotenv,scripts\checks\check_env_keys.py
openai,ai_nodes\gpt_handler.py
json,ai_nodes\hf_text_handler.py
json,ai_nodes\mixtral_handler.py
json,ai_nodes\zephyr_handler.py
json,core\evaluator.py
json,core\file_utils.py
json,core\vector_memory.py
json,memory\annotated\annotated_log.py
json,memory\annotated\annotator.py
json,memory\cache\cache_checker.py
json,memory\cache\cache_hasher.py
json,memory\cache\cache_loader.py
json,memory\cache\cache_saver.py
json,memory\cache\semantic_recommender.py
json,memory\cache\semantic_search.py
json,memory\context\semantic_context_builder.py
json,memory\eval\eval_logger.py
json,memory\history\history_saver.py
json,memory\logs\log_importer.py
json,memory\summary\summary_loader.py
json,memory\summary\summary_saver.py
json,memory\test\test_dataset.py
json,scripts\check_vector_count.py
json,scripts\checks\check_logs_consistency.py
json,scripts\log_importer.py
json,tests\test_root.py
json,tools\dependency_tools\check_dependency_integrity.py
json,vector_index\build_index.py
json,vector_index\search_index.py
json,vector_index\search_index_debug.py
subprocess,ai_nodes\image_handler.py
subprocess,scripts\checks\check_aimo_setup.py
torch,ai_nodes\image_handler.py
diffusers,ai_nodes\image_handler.py
sounddevice,ai_nodes\voice_handler.py
soundfile,ai_nodes\voice_handler.py
whisper,ai_nodes\voice_handler.py
TTS.api,ai_nodes\voice_handler.py
re,core\evaluator.py
re,scripts\auto_improve.py
re,testenv\Scripts\gruut-script.py
faiss,core\vector_memory.py
faiss,memory\cache\semantic_recommender.py
faiss,memory\cache\semantic_search.py
faiss,memory\context\semantic_context_builder.py
faiss,memory\vector_memory.py
faiss,vector_index\build_index.py
faiss,vector_index\search_index.py
faiss,vector_index\search_index_debug.py
sentence_transformers,core\vector_memory.py
sentence_transformers,memory\cache\semantic_recommender.py
sentence_transformers,memory\cache\semantic_search.py
sentence_transformers,memory\context\semantic_context_builder.py
sentence_transformers,memory\vector_memory.py
sentence_transformers,scripts\test_saver_vec.py
sentence_transformers,scripts\test_saver_vec2.py
sentence_transformers,vector_index\search_index.py
sentence_transformers,vector_index\search_index_debug.py
numpy,memory\cache\semantic_recommender.py
numpy,memory\cache\semantic_search.py
numpy,memory\context\semantic_context_builder.py
numpy,memory\vector_memory.py
numpy,vector_index\build_index.py
numpy,vector_index\search_index.py
numpy,vector_index\search_index_debug.py
hashlib,memory\cache\cache_checker.py
hashlib,memory\cache\cache_hasher.py
core.path_utils,memory\cache\cache_hasher.py
core.path_utils,memory\cache\cache_loader.py
core.path_utils,memory\cache\cache_manager.py
core.path_utils,memory\cache\cache_saver.py
core.path_utils,memory\cache\semantic_recommender.py
core.path_utils,memory\cache\semantic_search.py
core.path_utils,memory\context\context_stacker.py
core.path_utils,memory\context\semantic_context_builder.py
core.path_utils,vector_index\build_index.py
core.path_utils,vector_index\search_index.py
core.path_utils,vector_index\search_index_debug.py
memory.cache.cache_hasher,memory\cache\cache_manager.py
memory.cache.cache_hasher,scripts\test_hasher.py
memory.cache.cache_hasher,scripts\test_loader.py
memory.cache.cache_hasher,scripts\test_saver.py
memory.cache.cache_hasher,scripts\test_saver_vec.py
memory.cache.cache_hasher,scripts\test_saver_vec2.py
memory.cache.cache_loader,memory\cache\cache_manager.py
memory.cache.cache_loader,scripts\test_loader.py
memory.cache.cache_saver,memory\cache\cache_manager.py
memory.cache.cache_saver,scripts\test_saver.py
memory.cache.cache_saver,scripts\test_saver_vec.py
memory.cache.cache_saver,scripts\test_saver_vec2.py
memory.cache.semantic_search,memory\cache\cache_manager.py
memory.cache.semantic_search,scripts\test_semantic.py
memory.context.semantic_context_builder,memory\context\context_stacker.py
memory.context.prompt_builder,memory\context\context_stacker.py
log_importer,memory\logs\conversation_filter.py
ai_nodes.summarizer_hub,memory\logs\summary_builder.py
ai_nodes.zephyr_handler,memory\summary\summary_builder.py
summary_loader,memory\summary\summary_filter.py
memory.summary.summary_filter,memory\summary\summary_toolkit.py
zipfile,scripts\auto_improve.py
zipfile,scripts\setup\restore_backup.py
shutil,scripts\auto_improve.py
shutil,scripts\setup\restore_backup.py
scripts.conversation_filter,scripts\log_importer.py
scripts.markdown_exporter,scripts\log_importer.py
memory.cache.cache_manager,scripts\test_cache_manager.py
memory.context.context_stacker,scripts\test_context_stacker.py
memory.cache.semantic_recommender,scripts\test_recommender.py
vector_index.search_index,scripts\test_vector_search.py
vector_index.search_index_debug,scripts\test_vector_search_debug.py
pkgutil,scripts\checks\check_aimo_setup.py
importlib.metadata,testenv\Scripts\gruut-script.py
importlib_metadata,testenv\Scripts\gruut-script.py
pkg_resources,testenv\Scripts\gruut-script.py
core.evaluator,tests\test_evaluator.py
memory.vector_memory,tests\test_vector_memory.py
ast,tools\dependency_inspector.py
ast,tools\dependency_tools\extract_dependencies.py
collections,tools\dependency_inspector.py
collections,tools\dependency_tools\extract_dependencies.py
collections,tools\dependency_tools\reverse_dependencies.py
pandas,tools\dependency_inspector.py
csv,tools\dependency_tools\check_dependency_integrity.py
csv,tools\dependency_tools\extract_dependencies.py
csv,tools\dependency_tools\generate_all_dependency_graphs.py
csv,tools\dependency_tools\reverse_dependencies.py
csv,tools\dependency_tools\visualize_dependencies.py
networkx,tools\dependency_tools\check_dependency_integrity.py
networkx,tools\dependency_tools\generate_all_dependency_graphs.py
networkx,tools\dependency_tools\visualize_dependencies.py
core.utils.path_utils,tools\dependency_tools\extract_dependencies.py
core.utils.logger,tools\dependency_tools\extract_dependencies.py
matplotlib.pyplot,tools\dependency_tools\generate_all_dependency_graphs.py
matplotlib.pyplot,tools\dependency_tools\visualize_dependencies.py
sklearn.preprocessing,vector_index\build_index.py
